lag,acf
0,1.0
1,0.46539770267817965
2,0.43026864559025085
3,0.45936126254777015
4,0.44384094815687736
5,0.4100214633748756
6,0.37334583737709176
7,0.2938878840960517
8,0.2406510985063494
9,0.20494168314577
10,0.12157441177422494
11,0.05577139617284558
12,0.34189044240266214
13,-0.018177305202109362
14,-0.05949239843748506
15,-0.04390714677547222
16,-0.06040799476384806
17,-0.06329720082979498
18,-0.09307767685530893
19,-0.14734272431288328
20,-0.14226395602421749
21,-0.14698070874323002
22,-0.16737538344189148
23,-0.1946574573040276
24,-0.039566334760549174
