date,observed,trend,seasonal,resid
2018-01-01,348973.42,,-31756532.624956597,
2018-02-01,565708.33,,67706918.70226564,
2018-03-01,257369.88999999998,,-15638151.995095486,
2018-04-01,759964.49,,-12984069.107734373,
2018-05-01,628493.8,,-4266283.481762149,
2018-06-01,521636.94,,-2447648.6292621554,
2018-07-01,443159.47000000003,518365.5416666666,-4081545.180060765,4006339.108394098
2018-08-01,320020.48,526098.7649999999,4690825.091814234,-4896903.376814234
2018-09-01,595077.1,526750.8770833333,7135235.799105891,-7066909.576189225
2018-10-01,615488.97,2101235.0166666666,6722005.476848961,-8207751.523515628
2018-11-01,503049.98000000004,6483218.578333333,2220505.8875434003,-8200674.485876733
2018-12-01,548075.27,12139246.6725,-17301259.938706595,5710088.536206596
2019-01-01,575710.14,17841027.335,-31756532.624956597,14491215.429956596
2019-02-01,524568.97,24455699.064166665,67706918.70226564,-91638048.7964323
2019-03-01,314159.94,32030171.5025,-15638151.995095486,-16077859.567404514
2019-04-01,38490793.79,40491633.735416666,-12984069.107734373,10983229.162317706
2019-05-01,68065269.98,49147260.91708332,-4266283.481762149,23184292.54467883
2019-06-01,68829535.02,56020372.58583333,-2447648.6292621554,15256811.063428817
2019-07-01,68977997.29,61247527.63416667,-4081545.180060765,11812014.835894099
2019-08-01,90537304.16,71697179.26,4690825.091814234,14149299.808185756
2019-09-01,92165131.94,83256166.15750001,7135235.799105891,1773729.9833940929
2019-10-01,112120527.72,88133640.53124999,6722005.476848961,17264881.711901054
2019-11-01,96733063.59,89863081.31458333,2220505.8875434003,4649476.3878732715
2019-12-01,69272741.71,90847034.37833333,-17301259.938706595,-4273032.729626741
2020-01-01,57302764.86,91973780.42625001,-31756532.624956597,-2914482.9412934147
2020-02-01,194589153.27,92624636.1025,67706918.70226564,34257598.46523437
2020-03-01,83665261.18,93785198.42791668,-15638151.995095486,5518214.747178817
2020-04-01,72199077.52,93842465.76208332,-12984069.107734373,-8659319.134348953
2020-05-01,75863565.05,92966730.3875,-4266283.481762149,-12836881.855737858
2020-06-01,84646113.48,93144142.225,-2447648.6292621554,-6050380.115737835
2020-07-01,80203323.98,92843036.90875,-4081545.180060765,-8558167.748689229
2020-08-01,94932513.7,93230086.33625,4690825.091814234,-2988397.728064238
2020-09-01,115623418.21,93986562.95041668,7135235.799105891,14501619.46047742
2020-10-01,90036657.47,93837774.28041667,6722005.476848961,-10523122.287265629
2020-11-01,97799284.85,93493572.96333334,2220505.8875434003,2085205.9991232553
2020-12-01,72464404.55,92668712.39416665,-17301259.938706595,-2903047.905460056
2021-01-01,46884574.43,91683831.64249998,-31756532.624956597,-13042724.587543387
2021-02-01,214296529.96,90675153.02541667,67706918.70226564,55914458.2323177
2021-03-01,82113323.23,88657822.50375,-15638151.995095486,9093652.721345494
2021-04-01,70180087.39,86954058.62458333,-12984069.107734373,-3789902.1268489603
2021-05-01,69621723.57,85701409.83958332,-4266283.481762149,-11813402.787821181
2021-06-01,71091301.3,84211372.97583334,-2447648.6292621554,-10672423.04657119
2021-07-01,70120998.12,83417385.62750001,-4081545.180060765,-9214842.327439243
2021-08-01,80806552.75,84334382.49333332,4690825.091814234,-8218654.835147559
2021-09-01,81333446.64,85361306.84041667,7135235.799105891,-11163095.99952256
2021-10-01,83436295.94,,6722005.476848961,
2021-11-01,74336075.54,,2220505.8875434003,
2021-12-01,60166729.13,,-17301259.938706595,
2022-01-01,40126553.49,,-31756532.624956597,
2022-02-01,243062475.68,,67706918.70226564,
2022-03-01,77993561.84,,-15638151.995095486,
